<?xml version="1.0" encoding="UTF-8"?>
<bounding-boxes font-family="Bravura" units-per-em="1000">
	<g c="E527" x="-102.0" y="-142.0" w="2230.0" h="416.0" h-a-x="2124" >
		<a n="opticalCenter" x="4.248" y="0"/>
	</g>
	<g c="E528" x="-102.0" y="-142.0" w="1875.0" h="416.0" h-a-x="1776" >
		<a n="opticalCenter" x="3.552" y="0"/>
	</g>
	<g c="E529" x="-102.0" y="-142.0" w="1520.0" h="416.0" h-a-x="1417" >
		<a n="opticalCenter" x="3.004" y="0"/>
	</g>
	<g c="E52A" x="-92.0" y="-142.0" w="1165.0" h="416.0" h-a-x="1072" >
		<a n="opticalCenter" x="2.368" y="0"/>
	</g>
	<g c="E52B" x="-82.0" y="-142.0" w="810.0" h="416.0" h-a-x="727" >
		<a n="opticalCenter" x="1.708" y="0"/>
	</g>
	<g c="E52C" x="-20.0" y="-142.0" w="845.0" h="416.0" h-a-x="826" >
		<a n="opticalCenter" x="1.848" y="0"/>
	</g>
	<g c="E52D" x="-20.0" y="-165.0" w="838.0" h="596.0" h-a-x="797" >
		<a n="opticalCenter" x="1.796" y="0"/>
	</g>
	<g c="E52E" x="-72.0" y="-152.0" w="842.0" h="596.0" h-a-x="770" >
		<a n="opticalCenter" x="1.68" y="0"/>
	</g>
	<g c="E52F" x="-135.0" y="-152.0" w="745.0" h="596.0" h-a-x="609" >
		<a n="opticalCenter" x="1.852" y="0"/>
	</g>
	<g c="E530" x="-155.0" y="-152.0" w="985.0" h="596.0" h-a-x="831" >
		<a n="opticalCenter" x="2.472" y="0"/>
	</g>
	<g c="E531" x="-155.0" y="-152.0" w="1225.0" h="596.0" h-a-x="1070" >
		<a n="opticalCenter" x="2.824" y="0"/>
	</g>
	<g c="E532" x="-155.0" y="-152.0" w="1465.0" h="596.0" h-a-x="1310" >
		<a n="opticalCenter" x="2.976" y="0"/>
	</g>
	<g c="E533" x="-155.0" y="-152.0" w="1705.0" h="596.0" h-a-x="1550" >
		<a n="opticalCenter" x="3.504" y="0"/>
	</g>
	<g c="E534" x="-141.0" y="-152.0" w="760.0" h="596.0" h-a-x="619" >
		<a n="opticalCenter" x="1.5" y="0"/>
	</g>
	<g c="E535" x="-141.0" y="-152.0" w="638.0" h="596.0" h-a-x="497" >
		<a n="opticalCenter" x="1.352" y="0"/>
	</g>
	<g c="E536" x="0.0" y="-152.0" w="604.0" h="596.0" h-a-x="604" >
		<a n="opticalCenter" x="1.3" y="0"/>
	</g>
	<g c="E537" x="0.0" y="-152.0" w="845.0" h="596.0" h-a-x="846" >
		<a n="opticalCenter" x="1.904" y="0"/>
	</g>
	<g c="E538" x="0.0" y="-152.0" w="1199.0" h="596.0" h-a-x="1198" >
		<a n="opticalCenter" x="1.972" y="0"/>
	</g>
	<g c="E539" x="0.0" y="-152.0" w="733.0" h="596.0" h-a-x="732" >
		<a n="opticalCenter" x="1.76" y="0"/>
	</g>
	<g c="E53A" x="0.0" y="-152.0" w="1076.0" h="596.0" h-a-x="1075" >
		<a n="opticalCenter" x="1.848" y="0"/>
	</g>
	<g c="E53B" x="0.0" y="-152.0" w="964.0" h="596.0" h-a-x="964" >
		<a n="opticalCenter" x="2.276" y="0"/>
	</g>
	<g c="E53C" x="-20.0" y="-152.0" w="645.0" h="596.0" h-a-x="625" >
		<a n="opticalCenter" x="1.564" y="0"/>
	</g>
	<g c="E53D" x="-20.0" y="-152.0" w="764.0" h="596.0" h-a-x="744" >
		<a n="opticalCenter" x="2.084" y="0"/>
	</g>
	<g c="E003" x="0.0" y="0.0" w="469.0" h="295.0" h-a-x="469" />
	<g c="E004" x="0.0" y="-295.0" w="469.0" h="295.0" h-a-x="469" />
	<g c="E045" x="11.0" y="-9.0" w="1071.0" h="451.0" h-a-x="1082" />
	<g c="E046" x="11.0" y="-9.0" w="1071.0" h="451.0" h-a-x="1083" />
	<g c="E047" x="4.0" y="-27.0" w="546.0" h="786.0" h-a-x="557" />
	<g c="E048" x="-4.0" y="-158.0" w="959.0" h="1056.0" h-a-x="954" />
	<g c="E04B" x="1.0" y="-33.0" w="401.0" h="1064.0" h-a-x="402" />
	<g c="E050" x="0.0" y="-658.0" w="671.0" h="1756.0" h-a-x="671" />
	<g c="E051" x="0.0" y="-881.0" w="671.0" h="1979.0" h-a-x="671" />
	<g c="E052" x="0.0" y="-878.0" w="671.0" h="1976.0" h-a-x="664" />
	<g c="E053" x="0.0" y="-658.0" w="671.0" h="1978.0" h-a-x="671" />
	<g c="E054" x="0.0" y="-658.0" w="671.0" h="1977.0" h-a-x="671" />
	<g c="E05C" x="0.0" y="-506.0" w="699.0" h="1012.0" h-a-x="699" />
	<g c="E05D" x="0.0" y="-741.0" w="699.0" h="1247.0" h-a-x="699" />
	<g c="E062" x="-5.0" y="-635.0" w="689.0" h="897.0" h-a-x="684" />
	<g c="E063" x="-5.0" y="-742.0" w="689.0" h="1004.0" h-a-x="684" />
	<g c="E064" x="-5.0" y="-744.0" w="689.0" h="1006.0" h-a-x="684" />
	<g c="E065" x="-5.0" y="-635.0" w="689.0" h="1130.0" h-a-x="684" />
	<g c="E066" x="-5.0" y="-635.0" w="689.0" h="1131.0" h-a-x="684" />
	<g c="E069" x="0.0" y="-250.0" w="382.0" h="500.0" h-a-x="382" />
	<g c="E06A" x="0.0" y="-465.0" w="312.0" h="926.0" h-a-x="312" />
	<g c="E080" x="20.0" y="-250.0" w="430.0" h="501.0" h-a-x="470" />
	<g c="E081" x="20.0" y="-250.0" w="294.0" h="501.0" h-a-x="334" />
	<g c="E082" x="20.0" y="-257.0" w="406.0" h="511.0" h-a-x="446" />
	<g c="E083" x="20.0" y="-251.0" w="381.0" h="500.0" h-a-x="421" />
	<g c="E084" x="20.0" y="-250.0" w="430.0" h="501.0" h-a-x="470" />
	<g c="E085" x="20.0" y="-251.0" w="363.0" h="497.0" h-a-x="403" />
	<g c="E086" x="20.0" y="-249.0" w="394.0" h="500.0" h-a-x="434" />
	<g c="E087" x="20.0" y="-250.0" w="401.0" h="499.0" h-a-x="441" />
	<g c="E088" x="20.0" y="-259.0" w="396.0" h="518.0" h-a-x="436" />
	<g c="E089" x="20.0" y="-249.0" w="394.0" h="500.0" h-a-x="434" />
	<g c="E08A" x="5.0" y="-249.0" w="419.0" h="500.0" h-a-x="424" />
	<g c="E08B" x="0.0" y="-359.0" w="418.0" h="720.0" h-a-x="417" />
	<g c="E08C" x="-1.0" y="-250.0" w="500.0" h="500.0" h-a-x="500" />
	<g c="E08D" x="-1.0" y="-132.0" w="255.0" h="254.0" h-a-x="254" />
	<g c="E0A2" x="0.0" y="-125.0" w="422.0" h="250.0" h-a-x="422" >
		<a n="cutOutNW" x="0.172" y="0.332"/>
		<a n="cutOutSE" x="1.532" y="-0.364"/>
	</g>
	<g c="E0A3" x="0.0" y="-125.0" w="295.0" h="250.0" h-a-x="295" >
		<a n="cutOutNW" x="0.204" y="0.296"/>
		<a n="cutOutSE" x="0.98" y="-0.3"/>
		<a n="splitStemDownNE" x="0.956" y="-0.3"/>
		<a n="splitStemDownNW" x="0.128" y="-0.428"/>
		<a n="splitStemUpSE" x="1.108" y="0.372"/>
		<a n="splitStemUpSW" x="0.328" y="0.38"/>
		<a n="stemDownNW" x="0" y="-0.168"/>
		<a n="stemUpSE" x="1.18" y="0.168"/>
	</g>
	<g c="E0A4" x="0.0" y="-125.0" w="295.0" h="250.0" h-a-x="295" >
		<a n="cutOutNW" x="0.208" y="0.3"/>
		<a n="cutOutSE" x="0.94" y="-0.296"/>
		<a n="splitStemDownNE" x="0.968" y="-0.248"/>
		<a n="splitStemDownNW" x="0.12" y="-0.416"/>
		<a n="splitStemUpSE" x="1.092" y="0.392"/>
		<a n="splitStemUpSW" x="0.312" y="0.356"/>
		<a n="stemDownNW" x="0" y="-0.168"/>
		<a n="stemUpSE" x="1.18" y="0.168"/>
	</g>
	<g c="E0FA" x="0.0" y="-125.0" w="422.0" h="250.0" h-a-x="422" />
	<g c="E101" x="0.0" y="-250.0" w="530.0" h="500.0" h-a-x="531" >
		<a n="stemDownNW" x="0" y="-1"/>
		<a n="stemUpSE" x="2.12" y="1"/>
	</g>
	<g c="E220" x="-150.0" y="-93.0" w="300.0" h="187.0" h-a-x="150" />
	<g c="E221" x="-151.0" y="-187.0" w="300.0" h="374.0" h-a-x="149" />
	<g c="E222" x="-150.0" y="-280.0" w="300.0" h="558.0" h-a-x="150" />
	<g c="E223" x="-150.0" y="-370.0" w="300.0" h="744.0" h-a-x="149" />
	<g c="E224" x="-151.0" y="-460.0" w="301.0" h="930.0" h-a-x="149" />
	<g c="E240" x="0.0" y="-810.2" w="264.0" h="819.2" h-a-x="264" >
		<a n="graceNoteSlashNE" x="1.284" y="-0.796"/>
		<a n="graceNoteSlashSW" x="-0.644" y="-2.456"/>
		<a n="stemUpNW" x="0" y="-0.04"/>
	</g>
	<g c="E241" x="0.0" y="-14.0" w="306.0" h="822.2" h-a-x="306" >
		<a n="graceNoteSlashNW" x="-0.596" y="2.168"/>
		<a n="graceNoteSlashSE" x="1.328" y="0.628"/>
		<a n="stemDownSW" x="0" y="0.132"/>
	</g>
	<g c="E242" x="0.0" y="-813.0" w="279.0" h="815.0" h-a-x="279" >
		<a n="stemUpNW" x="0" y="-0.088"/>
	</g>
	<g c="E243" x="0.0" y="-9.0" w="290.9" h="821.0" h-a-x="292" >
		<a n="stemDownSW" x="0" y="0.128"/>
	</g>
	<g c="E244" x="0.0" y="-812.0" w="261.0" h="961.0" h-a-x="262" >
		<a n="stemUpNW" x="0" y="0.376"/>
	</g>
	<g c="E245" x="0.0" y="-172.0" w="273.0" h="984.0" h-a-x="274" >
		<a n="stemDownSW" x="0" y="-0.448"/>
	</g>
	<g c="E246" x="0.0" y="-812.0" w="261.0" h="1159.0" h-a-x="262" >
		<a n="stemUpNW" x="0" y="1.172"/>
	</g>
	<g c="E247" x="0.0" y="-376.0" w="273.0" h="1188.0" h-a-x="275" >
		<a n="stemDownSW" x="0" y="-1.244"/>
	</g>
	<g c="E248" x="0.0" y="-812.0" w="261.0" h="1345.0" h-a-x="259" >
		<a n="stemUpNW" x="0" y="1.9"/>
	</g>
	<g c="E249" x="0.0" y="-580.0" w="273.0" h="1392.0" h-a-x="275" >
		<a n="stemDownSW" x="0" y="-2.076"/>
	</g>
	<g c="E24A" x="0.0" y="-812.0" w="264.0" h="1516.0" h-a-x="268" >
		<a n="stemUpNW" x="0" y="2.592"/>
	</g>
	<g c="E24B" x="0.0" y="-751.0" w="299.0" h="1564.0" h-a-x="301" >
		<a n="stemDownSW" x="0" y="-2.812"/>
	</g>
	<g c="E260" x="0.0" y="-175.0" w="226.0" h="614.0" h-a-x="226" >
		<a n="cutOutNE" x="0.252" y="0.656"/>
		<a n="cutOutSE" x="0.504" y="-0.476"/>
	</g>
	<g c="ED33" x="-15.0" y="-165.0" w="200.0" h="625.0" h-a-x="185" >
		<a n="cutOutNE" x="0.252" y="0.656"/>
		<a n="cutOutSE" x="0.504" y="-0.476"/>
	</g>
	<g c="ED35" x="-15.0" y="-165.0" w="200.0" h="625.0" h-a-x="185" >
		<a n="cutOutNE" x="0.252" y="0.656"/>
		<a n="cutOutSE" x="0.504" y="-0.476"/>
	</g>
	<g c="ED39" x="-15.0" y="-165.0" w="400.0" h="625.0" h-a-x="185" >
		<a n="cutOutNE" x="0.252" y="0.656"/>
		<a n="cutOutSE" x="0.504" y="-0.476"/>
	</g>
	<g c="ED40" x="-15.0" y="-165.0" w="400.0" h="625.0" h-a-x="185" >
		<a n="cutOutNE" x="0.252" y="0.656"/>
		<a n="cutOutSE" x="0.504" y="-0.476"/>
	</g>
	<g c="E261" x="0.0" y="-335.0" w="168.0" h="676.0" h-a-x="168" >
		<a n="cutOutNE" x="0.192" y="0.776"/>
		<a n="cutOutSW" x="0.476" y="-0.828"/>
	</g>
	<g c="E262" x="0.0" y="-348.0" w="249.0" h="698.0" h-a-x="249" >
		<a n="cutOutNE" x="0.84" y="0.896"/>
		<a n="cutOutNW" x="0.144" y="0.568"/>
		<a n="cutOutSE" x="0.84" y="-0.596"/>
		<a n="cutOutSW" x="0.144" y="-0.896"/>
	</g>
	<g c="E263" x="0.0" y="-125.0" w="247.0" h="252.0" />
	<g c="E264" x="0.0" y="-175.0" w="411.0" h="612.0" h-a-x="413" >
		<a n="cutOutNE" x="0.988" y="0.644"/>
		<a n="cutOutSE" x="1.336" y="-0.396"/>
	</g>
	<g c="E265" x="0.0" y="-348.0" w="513.0" h="698.0" h-a-x="513" >
		<a n="cutOutNE" x="0.86" y="0.916"/>
		<a n="cutOutNW" x="0.12" y="0.596"/>
		<a n="cutOutSE" x="0.86" y="-0.588"/>
		<a n="cutOutSW" x="0.12" y="-0.9"/>
	</g>
	<g c="E266" x="0.0" y="-175.0" w="596.0" h="614.0" h-a-x="600" >
		<a n="cutOutNE" x="1.748" y="0.656"/>
		<a n="cutOutSE" x="2.048" y="-0.436"/>
	</g>
	<g c="E267" x="0.0" y="-335.0" w="459.0" h="774.0" h-a-x="459" >
		<a n="cutOutNE" x="1.18" y="0.648"/>
		<a n="cutOutSE" x="0.748" y="-0.828"/>
		<a n="cutOutSW" x="0.436" y="-0.828"/>
	</g>
	<g c="E268" x="0.0" y="-348.0" w="481.0" h="698.0" h-a-x="480" >
		<a n="cutOutNE" x="1.784" y="0.9"/>
		<a n="cutOutSE" x="1.784" y="-0.608"/>
		<a n="cutOutSW" x="0.452" y="-0.836"/>
	</g>
	<g c="E269" x="0.0" y="-348.0" w="519.0" h="698.0" h-a-x="519" >
		<a n="cutOutNE" x="1.928" y="0.9"/>
		<a n="cutOutNW" x="0.144" y="0.596"/>
		<a n="cutOutSE" x="1.936" y="-0.604"/>
		<a n="cutOutSW" x="0.144" y="-0.896"/>
	</g>
	<g c="E26A" x="0.0" y="-248.0" w="141.0" h="495.0" h-a-x="141" />
	<g c="E26B" x="0.0" y="-248.0" w="141.0" h="495.0" h-a-x="141" />
	<g c="E26C" x="0.0" y="-250.0" w="77.0" h="500.0" h-a-x="77" />
	<g c="E26D" x="0.0" y="-250.0" w="77.0" h="500.0" h-a-x="77" />
	<g c="E270" x="-42.0" y="-177.0" w="290.0" h="756.0" h-a-x="248" >
		<a n="cutOutNE" x="0.604" y="0.664"/>
		<a n="cutOutSE" x="0.62" y="-0.452"/>
	</g>
	<g c="E271" x="-39.0" y="-418.0" w="290.0" h="860.0" h-a-x="251" >
		<a n="cutOutNE" x="0.356" y="0.648"/>
		<a n="cutOutNW" x="0.032" y="-0.8"/>
		<a n="cutOutSE" x="0.648" y="-0.5"/>
	</g>
	<g c="E272" x="-26.0" y="-340.0" w="238.0" h="887.0" h-a-x="212" >
		<a n="cutOutSW" x="0.616" y="-0.868"/>
	</g>
	<g c="E273" x="3.0" y="-543.0" w="247.0" h="879.0" h-a-x="171" >
		<a n="cutOutNE" x="0.232" y="0.788"/>
	</g>
	<g c="E274" x="0.0" y="-347.0" w="275.0" h="877.0" h-a-x="249" >
		<a n="cutOutNW" x="0.272" y="1.304"/>
		<a n="cutOutSE" x="0.86" y="-0.584"/>
		<a n="cutOutSW" x="0.132" y="-0.888"/>
	</g>
	<g c="E275" x="-28.0" y="-534.0" w="277.0" h="883.0" h-a-x="249" >
		<a n="cutOutNE" x="0.856" y="0.908"/>
		<a n="cutOutNW" x="0.132" y="0.608"/>
		<a n="cutOutSE" x="0.856" y="-0.588"/>
	</g>
	<g c="E280" x="1.0" y="-175.0" w="226.0" h="614.0" h-a-x="227" >
		<a n="cutOutNW" x="0.628" y="0.676"/>
		<a n="cutOutSW" x="0.336" y="-0.428"/>
	</g>
	<g c="E281" x="1.0" y="-175.0" w="465.0" h="614.0" h-a-x="466" >
		<a n="cutOutNE" x="1.22" y="0.668"/>
		<a n="cutOutNW" x="0.636" y="0.668"/>
	</g>
	<g c="E282" x="0.0" y="-353.0" w="179.0" h="660.0" h-a-x="179" >
		<a n="cutOutNE" x="0.476" y="0.748"/>
		<a n="cutOutNW" x="0.224" y="0.604"/>
		<a n="cutOutSE" x="0.492" y="-0.8"/>
		<a n="cutOutSW" x="0.224" y="-0.92"/>
	</g>
	<g c="E283" x="3.0" y="-347.0" w="314.0" h="716.0" h-a-x="317" >
		<a n="cutOutNE" x="1.128" y="1"/>
		<a n="cutOutNW" x="0.144" y="0.604"/>
		<a n="cutOutSE" x="1.128" y="-0.5"/>
		<a n="cutOutSW" x="0.144" y="-0.896"/>
	</g>
	<g c="E4A0" x="0.0" y="1.0" w="339.0" h="244.0" h-a-x="339" />
	<g c="E4A1" x="0.0" y="-244.0" w="339.0" h="244.0" h-a-x="339" />
	<g c="E4A2" x="0.0" y="0.0" w="84.0" h="84.0" h-a-x="84" />
	<g c="E4A3" x="0.0" y="-84.0" w="84.0" h="84.0" h-a-x="122" />
	<g c="E4A4" x="-1.0" y="0.0" w="339.0" h="48.0" h-a-x="338" />
	<g c="E4A5" x="-1.0" y="-48.0" w="339.0" h="48.0" h-a-x="338" />
	<g c="E4A6" x="1.0" y="-2.0" w="99.0" h="295.0" h-a-x="102" />
	<g c="E4A7" x="1.0" y="-295.0" w="99.0" h="295.0" h-a-x="102" />
	<g c="E4A8" x="1.0" y="0.0" w="88.0" h="290.0" h-a-x="89" />
	<g c="E4A9" x="1.0" y="-290.0" w="88.0" h="290.0" h-a-x="89" />
	<g c="E4AA" x="0.0" y="0.0" w="48.0" h="290.0" h-a-x="48" />
	<g c="E4AB" x="0.0" y="-290.0" w="48.0" h="290.0" h-a-x="48" />
	<g c="E4AC" x="-1.0" y="-1.0" w="236.0" h="254.0" h-a-x="236" />
	<g c="E4AD" x="-1.0" y="-254.0" w="236.0" h="254.0" h-a-x="236" />
	<g c="E4AE" x="-1.0" y="0.0" w="236.0" h="443.0" h-a-x="236" />
	<g c="E4AF" x="-1.0" y="-453.0" w="236.0" h="453.0" h-a-x="236" />
	<g c="E4B0" x="0.0" y="0.0" w="339.0" h="420.0" h-a-x="340" />
	<g c="E4B1" x="-1.0" y="-411.0" w="339.0" h="411.0" h-a-x="339" />
	<g c="E4B2" x="-1.0" y="0.0" w="339.0" h="240.0" h-a-x="339" />
	<g c="E4B3" x="-1.0" y="-242.0" w="339.0" h="242.0" h-a-x="338" />
	<g c="E4B4" x="-1.0" y="0.0" w="340.0" h="345.0" h-a-x="339" />
	<g c="E4B5" x="-1.0" y="-345.0" w="340.0" h="345.0" h-a-x="339" />
	<g c="E4B6" x="0.0" y="5.0" w="233.0" h="232.0" h-a-x="235" />
	<g c="E4B7" x="4.0" y="-234.0" w="232.0" h="234.0" h-a-x="238" />
	<g c="E4B8" x="0.0" y="0.0" w="382.0" h="207.0" h-a-x="382" />
	<g c="E4B9" x="1.0" y="-207.0" w="382.0" h="207.0" h-a-x="383" />
	<g c="E4BA" x="1.0" y="1.0" w="366.0" h="143.0" h-a-x="367" />
	<g c="E4BB" x="0.0" y="-143.0" w="365.0" h="143.0" h-a-x="365" />
	<g c="E4BC" x="-1.0" y="0.0" w="339.0" h="427.0" h-a-x="338" />
	<g c="E4BD" x="-1.0" y="-429.0" w="339.0" h="429.0" h-a-x="338" />
	<g c="E4C0" x="3.0" y="-3.0" w="602.0" h="332.0" h-a-x="605" />
	<g c="E4C1" x="3.0" y="-332.0" w="602.0" h="332.0" h-a-x="605" />
	<g c="E4C2" x="0.0" y="0.0" w="726.0" h="449.0" h-a-x="735" />
	<g c="E4C3" x="0.0" y="-449.0" w="726.0" h="449.0" h-a-x="735" />
	<g c="E4C4" x="0.0" y="0.0" w="604.0" h="341.0" h-a-x="603" />
	<g c="E4C5" x="0.0" y="-341.0" w="604.0" h="341.0" h-a-x="603" />
	<g c="E4C6" x="0.0" y="-1.0" w="603.0" h="334.0" h-a-x="605" />
	<g c="E4C7" x="0.0" y="-333.0" w="603.0" h="334.0" h-a-x="605" />
	<g c="E4C8" x="0.0" y="0.0" w="715.0" h="408.0" h-a-x="716" />
	<g c="E4C9" x="0.0" y="-408.0" w="715.0" h="408.0" h-a-x="716" />
	<g c="E4CE" x="1.0" y="2.0" w="151.0" h="249.0" h-a-x="153" />
	<g c="E4E5" x="1.0" y="-375.0" w="269.0" h="748.0" h-a-x="270" />
	<g c="E4E6" x="0.0" y="-251.0" w="247.0" h="425.0" />
	<g c="E4E7" x="0.0" y="-500.0" w="320.0" h="679.0" h-a-x="320" />
	<g c="E4E8" x="0.0" y="-500.0" w="363.0" h="926.0" h-a-x="363" />
	<g c="E4E9" x="0.0" y="-753.0" w="423.0" h="1183.0" h-a-x="424" />
	<g c="E4EA" x="0.0" y="-750.0" w="485.0" h="1439.0" h-a-x="485" />
	<g c="E4EB" x="0.0" y="-1000.0" w="541.0" h="1696.0" h-a-x="541" />
	<g c="E500" x="0.0" y="-250.0" w="532.0" h="529.0" h-a-x="533" />
	<g c="E501" x="0.0" y="-250.0" w="762.0" h="529.0" h-a-x="761" />
	<g c="E502" x="0.0" y="-250.0" w="1232.0" h="529.0" h-a-x="1233" />
	<g c="E510" x="0.0" y="-10.0" w="386.0" h="473.0" h-a-x="386" />
	<g c="E511" x="0.0" y="-10.0" w="885.0" h="473.0" h-a-x="885" />
	<g c="E512" x="0.0" y="-10.0" w="839.0" h="473.0" h-a-x="839" />
	<g c="E513" x="0.0" y="-10.0" w="875.0" h="473.0" h-a-x="875" />
	<g c="E514" x="0.0" y="-10.0" w="667.0" h="471.0" h-a-x="667" />
	<g c="E515" x="0.0" y="-10.0" w="1315.0" h="471.0" h-a-x="1315" />
	<g c="E516" x="0.0" y="-10.0" w="1285.0" h="471.0" h-a-x="1285" />
	<g c="E517" x="4.0" y="-7.0" w="746.0" h="470.0" h-a-x="750" />
	<g c="E518" x="4.0" y="-7.0" w="1424.0" h="470.0" h-a-x="1428" />
	<g c="E519" x="4.0" y="-7.0" w="1374.0" h="470.0" h-a-x="1378" />
	<g c="E520" x="-89.0" y="-142.0" w="455.0" h="416.0" h-a-x="365" >
		<a n="opticalCenter" x="1.22" y="0"/>
	</g>
	<g c="E521" x="-20.0" y="-10.0" w="466.0" h="284.0" h-a-x="437" >
		<a n="opticalCenter" x="0.872" y="0"/>
	</g>
	<g c="E522" x="-141.0" y="-152.0" w="505.0" h="596.0" h-a-x="364" >
		<a n="opticalCenter" x="1.256" y="0"/>
	</g>
	<g c="E523" x="-20.0" y="0.0" w="297.0" h="274.0" h-a-x="277" >
		<a n="opticalCenter" x="0.612" y="0"/>
	</g>
	<g c="E524" x="0.0" y="-10.0" w="229.0" h="283.0" h-a-x="229" >
		<a n="opticalCenter" x="0.444" y="0"/>
	</g>
	<g c="E525" x="-30.0" y="-10.0" w="274.0" h="278.0" h-a-x="244" >
		<a n="opticalCenter" x="0.5" y="0"/>
	</g>
	<g c="E526" x="-23.0" y="-10.0" w="331.0" h="284.0" h-a-x="308" >
		<a n="opticalCenter" x="0.616" y="0"/>
	</g>
	<g c="E566" x="0.0" y="-10.0" w="521.0" h="400.0" h-a-x="521" />
	<g c="E567" x="0.0" y="0.0" w="460.0" h="218.0" h-a-x="460" />
	<g c="E568" x="-3.0" y="0.0" w="460.0" h="218.0" h-a-x="457" />
	<g c="E56A" x="0.0" y="0.0" w="218.0" h="460.0" h-a-x="218" />
	<g c="E56B" x="-3.0" y="0.0" w="218.0" h="460.0" h-a-x="217" />
	<g c="E56C" x="0.0" y="0.0" w="725.0" h="245.0" h-a-x="730" />
	<g c="E56D" x="1.0" y="-73.0" w="728.0" h="392.0" h-a-x="729" />
	<g c="E56E" x="1.0" y="0.0" w="984.0" h="244.0" h-a-x="985" />
	<g c="E59D" x="-52.0" y="0.0" w="337.0" h="245.0" h-a-x="262" >
		<a n="repeatOffset" x="1.048" y="0"/>
	</g>
	<g c="E59E" x="-54.0" y="0.0" w="460.0" h="245.0" h-a-x="357" >
		<a n="repeatOffset" x="1.428" y="0"/>
	</g>
	<g c="E610" x="0.0" y="0.0" w="312.0" h="318.0" h-a-x="312" />
	<g c="E611" x="0.0" y="0.0" w="312.0" h="318.0" h-a-x="312" />
	<g c="E612" x="1.0" y="1.0" w="248.0" h="494.0" />
	<g c="E613" x="1.0" y="1.0" w="248.0" h="494.0" />
	<g c="E614" x="0.0" y="0.0" w="200.0" h="200.0" h-a-x="200" />
	<g c="E650" x="0.0" y="-8.0" w="1019.0" h="563.0" h-a-x="1019" />
	<g c="E655" x="0.0" y="0.0" w="450.0" h="450.0" h-a-x="450" />
	<g c="E659" x="0.0" y="-15.0" w="1107.0" h="606.0" h-a-x="1107" />
	<g c="E880" x="-0.3" y="-8.0" w="318.6" h="383.0" h-a-x="319" />
	<g c="E881" x="10.0" y="0.0" w="246.0" h="372.0" h-a-x="246" />
	<g c="E882" x="10.0" y="-6.0" w="319.0" h="381.0" h-a-x="319" />
	<g c="E883" x="10.0" y="-8.0" w="296.0" h="383.0" h-a-x="296" />
	<g c="E884" x="10.0" y="0.0" w="303.0" h="372.0" h-a-x="303" />
	<g c="E885" x="10.0" y="-8.0" w="317.0" h="381.0" h-a-x="317" />
	<g c="E886" x="10.3" y="-8.0" w="303.7" h="383.0" h-a-x="304" />
	<g c="E887" x="30.0" y="-4.0" w="303.0" h="376.0" h-a-x="303" />
	<g c="E888" x="10.0" y="-8.0" w="313.0" h="383.0" h-a-x="313" />
	<g c="E889" x="10.0" y="-8.0" w="303.7" h="383.0" h-a-x="304" />
	<g c="E88A" x="10.0" y="58.0" w="111.0" h="210.0" h-a-x="111" />
	<g c="E901" x="0.0" y="-169.0" w="339.0" h="1091.0" h-a-x="339" />
	<g c="E902" x="0.0" y="-231.0" w="264.0" h="452.0" h-a-x="264" />
	<g c="E904" x="0.0" y="-1069.0" w="488.0" h="1660.0" h-a-x="488" />
	<g c="E906" x="0.0" y="-221.0" w="134.0" h="442.0" h-a-x="134" />
	<g c="E909" x="0.0" y="-800.0" w="244.0" h="1600.0" h-a-x="244" />
	<g c="E910" x="1.0" y="-266.0" w="531.0" h="531.0" h-a-x="532" />
	<g c="E911" x="1.0" y="-266.0" w="531.0" h="531.0" h-a-x="532" />
	<g c="E912" x="1.0" y="-380.0" w="531.0" h="743.0" h-a-x="532" />
	<g c="E913" x="0.0" y="-380.0" w="531.0" h="743.0" h-a-x="531" />
	<g c="E914" x="0.0" y="-266.0" w="494.0" h="531.0" h-a-x="495" />
	<g c="E915" x="0.0" y="-266.0" w="494.0" h="531.0" h-a-x="495" />
	<g c="E916" x="-3.0" y="-250.0" w="495.0" h="531.0" h-a-x="492" />
	<g c="E917" x="1.0" y="-380.0" w="494.0" h="743.0" h-a-x="493" />
	<g c="E918" x="1.0" y="-380.0" w="494.0" h="743.0" h-a-x="495" />
	<g c="E919" x="0.0" y="-380.0" w="495.0" h="743.0" h-a-x="500" />
	<g c="E91A" x="0.0" y="-267.0" w="495.0" h="531.0" h-a-x="494" />
	<g c="E91B" x="0.0" y="-276.0" w="547.0" h="551.0" h-a-x="547" />
	<g c="E91C" x="0.0" y="-266.0" w="743.0" h="531.0" h-a-x="743" />
	<g c="E91D" x="0.0" y="-269.0" w="540.0" h="539.0" h-a-x="540" />
	<g c="E91E" x="0.0" y="-269.0" w="540.0" h="539.0" h-a-x="540" />
	<g c="E91F" x="0.0" y="-270.0" w="539.0" h="539.0" h-a-x="539" />
	<g c="E920" x="0.0" y="-63.0" w="125.0" h="125.0" h-a-x="125" />
	<g c="E921" x="0.0" y="-52.0" w="266.0" h="104.0" h-a-x="266" />
	<g c="E922" x="0.0" y="-49.0" w="362.0" h="98.0" h-a-x="362" />
	<g c="E923" x="0.0" y="-125.0" w="266.0" h="251.0" h-a-x="266" />
	<g c="E924" x="0.0" y="-162.0" w="324.0" h="324.0" h-a-x="324" />
	<g c="E925" x="0.0" y="-371.0" w="48.0" h="743.0" h-a-x="48" />
	<g c="E938" x="0.0" y="-141.0" w="282.0" h="282.0" h-a-x="282" />
	<g c="E939" x="1.0" y="-141.0" w="282.0" h="282.0" h-a-x="283" />
	<g c="E93C" x="0.0" y="-184.0" w="320.0" h="369.0" h-a-x="320" />
	<g c="E93D" x="0.0" y="-184.0" w="320.0" h="369.0" h-a-x="320" />
	<g c="E93E" x="0.0" y="0.0" w="32.0" h="782.0" h-a-x="32" />
	<g c="E93F" x="0.0" y="-782.0" w="32.0" h="782.0" h-a-x="32" />
	<g c="E949" x="0.0" y="0.0" w="219.0" h="782.0" h-a-x="219" />
	<g c="E94A" x="0.0" y="-782.0" w="219.0" h="782.0" h-a-x="219" />
	<g c="E94B" x="0.0" y="0.0" w="219.0" h="782.0" h-a-x="219" />
	<g c="E94C" x="0.0" y="-782.0" w="219.0" h="782.0" h-a-x="219" />
	<g c="E990" x="0.0" y="-101.0" w="160.0" h="203.0" h-a-x="160" />
	<g c="E991" x="0.0" y="-113.0" w="150.0" h="226.0" h-a-x="150" />
	<g c="E9B4" x="0.0" y="-150.0" w="14.0" h="300.0" h-a-x="14" />
	<g c="E9B5" x="0.0" y="-150.0" w="14.0" h="450.0" h-a-x="14" />
	<g c="E9B6" x="0.0" y="-150.0" w="14.0" h="600.0" h-a-x="14" />
	<g c="E9B7" x="0.0" y="-150.0" w="14.0" h="750.0" h-a-x="14" />
	<g c="E9B9" x="0.0" y="-228.0" w="465.0" h="332.0" h-a-x="465" />
	<g c="E9BA" x="0.0" y="-400.0" w="579.0" h="504.0" h-a-x="579" />
	<g c="E9BB" x="0.0" y="-553.0" w="579.0" h="657.0" h-a-x="579" />
	<g c="E9BC" x="0.0" y="-703.0" w="579.0" h="807.0" h-a-x="579" />
	<g c="E9BD" x="0.0" y="-150.0" w="14.0" h="300.0" h-a-x="14" />
	<g c="E9BE" x="0.0" y="-150.0" w="14.0" h="450.0" h-a-x="14" />
	<g c="E9BF" x="0.0" y="-150.0" w="14.0" h="600.0" h-a-x="14" />
	<g c="E9C0" x="0.0" y="-150.0" w="14.0" h="750.0" h-a-x="14" />
	<g c="E9F0" x="0.0" y="-500.0" w="147.0" h="1000.0" h-a-x="147" />
	<g c="E9F1" x="0.0" y="-500.0" w="48.0" h="1000.0" h-a-x="48" />
	<g c="E9F2" x="0.0" y="-250.0" w="48.0" h="500.0" h-a-x="48" />
	<g c="E9F3" x="0.0" y="0.0" w="48.0" h="250.0" h-a-x="48" />
	<g c="E9F4" x="0.0" y="125.0" w="48.0" h="125.0" h-a-x="48" />
	<g c="E9F5" x="0.0" y="0.0" w="48.0" h="125.0" h-a-x="48" />
	<g c="E9F6" x="0.0" y="0.0" w="139.0" h="165.0" h-a-x="139" />
	<g c="E9F7" x="0.0" y="0.0" w="139.0" h="165.0" h-a-x="139" />
	<g c="E9F8" x="0.0" y="0.0" w="138.0" h="165.0" h-a-x="138" />
	<g c="EA02" x="1.0" y="0.0" w="613.0" h="411.0" h-a-x="615" />
	<g c="EA06" x="0.0" y="-101.0" w="60.0" h="416.0" h-a-x="60" />
	<g c="EAA9" x="-33.0" y="0.0" w="325.0" h="119.0" h-a-x="255" >
		<a n="repeatOffset" x="1.02" y="0"/>
	</g>
	<g c="EAAA" x="-33.0" y="0.0" w="325.0" h="119.0" h-a-x="255" >
		<a n="repeatOffset" x="1.02" y="0"/>
	</g>
	<g c="EAAD" x="-47.0" y="-80.0" w="563.0" h="235.0" h-a-x="516" >
		<a n="repeatOffset" x="2.064" y="0"/>
	</g>
	<g c="EAAE" x="-47.0" y="-65.0" w="563.0" h="235.0" h-a-x="516" >
		<a n="repeatOffset" x="2.064" y="0"/>
	</g>
</bounding-boxes>
