<?xml version="1.0" encoding="UTF-8"?>
<bounding-boxes font-family="Gootville" units-per-em="1000">
	<g c="E527" x="-72.0" y="-180.0" w="2148.0" h="452.0" h-a-x="2076" >
		<a n="opticalCenter" x="4.248" y="0"/>
	</g>
	<g c="E528" x="-72.0" y="-180.0" w="1802.0" h="452.0" h-a-x="1730" >
		<a n="opticalCenter" x="3.552" y="0"/>
	</g>
	<g c="E529" x="-72.0" y="-180.0" w="1456.0" h="452.0" h-a-x="1384" >
		<a n="opticalCenter" x="3.004" y="0"/>
	</g>
	<g c="E52A" x="-72.0" y="-180.0" w="1110.0" h="452.0" h-a-x="1038" >
		<a n="opticalCenter" x="2.368" y="0"/>
	</g>
	<g c="E52B" x="-72.0" y="-180.0" w="764.0" h="452.0" h-a-x="692" >
		<a n="opticalCenter" x="1.708" y="0"/>
	</g>
	<g c="E52C" x="-41.0" y="-180.0" w="781.0" h="452.0" h-a-x="740" >
		<a n="opticalCenter" x="1.848" y="0"/>
	</g>
	<g c="E52D" x="-41.0" y="-147.0" w="821.0" h="597.0" h-a-x="671" >
		<a n="opticalCenter" x="1.796" y="0"/>
	</g>
	<g c="E52E" x="-72.0" y="-180.0" w="804.0" h="630.0" h-a-x="623" >
		<a n="opticalCenter" x="1.68" y="0"/>
	</g>
	<g c="E52F" x="-144.0" y="-147.0" w="807.0" h="597.0" h-a-x="554" >
		<a n="opticalCenter" x="1.852" y="0"/>
	</g>
	<g c="E530" x="-144.0" y="-147.0" w="1084.0" h="597.0" h-a-x="831" >
		<a n="opticalCenter" x="2.472" y="0"/>
	</g>
	<g c="E531" x="-144.0" y="-147.0" w="1361.0" h="597.0" h-a-x="1108" >
		<a n="opticalCenter" x="2.824" y="0"/>
	</g>
	<g c="E532" x="-144.0" y="-147.0" w="1638.0" h="597.0" h-a-x="1385" >
		<a n="opticalCenter" x="2.976" y="0"/>
	</g>
	<g c="E533" x="-144.0" y="-147.0" w="1915.0" h="597.0" h-a-x="1662" >
		<a n="opticalCenter" x="3.504" y="0"/>
	</g>
	<g c="E534" x="-144.0" y="-180.0" w="767.0" h="630.0" h-a-x="623" >
		<a n="opticalCenter" x="1.5" y="0"/>
	</g>
	<g c="E535" x="-144.0" y="-147.0" w="711.0" h="597.0" h-a-x="567" >
		<a n="opticalCenter" x="1.352" y="0"/>
	</g>
	<g c="E536" x="0.0" y="-147.0" w="612.0" h="597.0" h-a-x="503" >
		<a n="opticalCenter" x="1.3" y="0"/>
	</g>
	<g c="E537" x="0.0" y="-180.0" w="849.0" h="630.0" h-a-x="849" >
		<a n="opticalCenter" x="1.904" y="0"/>
	</g>
	<g c="E538" x="0.0" y="-180.0" w="1195.0" h="630.0" h-a-x="1195" >
		<a n="opticalCenter" x="1.972" y="0"/>
	</g>
	<g c="E539" x="0.0" y="-147.0" w="793.0" h="597.0" h-a-x="793" >
		<a n="opticalCenter" x="1.76" y="0"/>
	</g>
	<g c="E53A" x="0.0" y="-180.0" w="1139.0" h="630.0" h-a-x="1139" >
		<a n="opticalCenter" x="1.848" y="0"/>
	</g>
	<g c="E53B" x="0.0" y="-147.0" w="1070.0" h="597.0" h-a-x="1070" >
		<a n="opticalCenter" x="2.276" y="0"/>
	</g>
	<g c="E53C" x="-17.0" y="-147.0" w="696.0" h="597.0" h-a-x="570" >
		<a n="opticalCenter" x="1.564" y="0"/>
	</g>
	<g c="E53D" x="-17.0" y="-147.0" w="877.0" h="597.0" h-a-x="860" >
		<a n="opticalCenter" x="2.084" y="0"/>
	</g>
	<g c="E003" x="0.0" y="-77.0" w="414.0" h="240.0" h-a-x="414" />
	<g c="E004" x="0.0" y="-163.0" w="414.0" h="240.0" h-a-x="414" />
	<g c="E047" x="0.0" y="-348.0" w="486.0" h="696.0" h-a-x="486" />
	<g c="E048" x="0.0" y="-316.0" w="464.0" h="632.0" h-a-x="464" />
	<g c="E050" x="0.0" y="-633.0" w="626.0" h="1713.0" h-a-x="626" />
	<g c="E051" x="0.0" y="-877.0" w="626.0" h="1957.0" h-a-x="626" />
	<g c="E052" x="0.0" y="-877.0" w="626.0" h="1957.0" h-a-x="626" />
	<g c="E053" x="0.0" y="-633.0" w="626.0" h="1957.0" h-a-x="626" />
	<g c="E054" x="0.0" y="-633.0" w="626.0" h="1957.0" h-a-x="626" />
	<g c="E05C" x="0.0" y="-500.0" w="642.0" h="1000.0" h-a-x="642" />
	<g c="E05D" x="0.0" y="-744.0" w="642.0" h="1244.0" h-a-x="642" />
	<g c="E062" x="0.0" y="-546.0" w="664.0" h="800.0" h-a-x="664" />
	<g c="E063" x="0.0" y="-790.0" w="664.0" h="1044.0" h-a-x="664" />
	<g c="E064" x="0.0" y="-790.0" w="664.0" h="1044.0" h-a-x="664" />
	<g c="E065" x="0.0" y="-546.0" w="664.0" h="1044.0" h-a-x="664" />
	<g c="E066" x="0.0" y="-546.0" w="664.0" h="1044.0" h-a-x="664" />
	<g c="E069" x="0.0" y="-250.0" w="340.0" h="500.0" h-a-x="340" />
	<g c="E06A" x="0.0" y="-420.0" w="270.0" h="840.0" h-a-x="270" />
	<g c="E080" x="0.0" y="-243.0" w="424.0" h="486.0" h-a-x="424" />
	<g c="E081" x="0.0" y="-243.0" w="284.0" h="486.0" h-a-x="284" />
	<g c="E082" x="0.0" y="-243.0" w="376.0" h="486.0" h-a-x="376" />
	<g c="E083" x="0.0" y="-243.0" w="337.0" h="486.0" h-a-x="337" />
	<g c="E084" x="0.0" y="-243.0" w="384.0" h="486.0" h-a-x="384" />
	<g c="E085" x="0.0" y="-243.0" w="337.0" h="486.0" h-a-x="337" />
	<g c="E086" x="0.0" y="-243.0" w="390.0" h="486.0" h-a-x="390" />
	<g c="E087" x="0.0" y="-243.0" w="363.0" h="486.0" h-a-x="363" />
	<g c="E088" x="0.0" y="-243.0" w="400.0" h="486.0" h-a-x="400" />
	<g c="E089" x="0.0" y="-243.0" w="390.0" h="486.0" h-a-x="390" />
	<g c="E08A" x="0.0" y="-243.0" w="426.0" h="486.0" h-a-x="426" />
	<g c="E08B" x="0.0" y="-412.0" w="426.0" h="824.0" h-a-x="426" />
	<g c="E0A2" x="0.0" y="-135.0" w="454.0" h="270.0" h-a-x="454" />
	<g c="E0A3" x="0.0" y="-135.0" w="316.0" h="270.0" h-a-x="316" >
		<a n="splitStemDownNE" x="0.956" y="-0.3"/>
		<a n="splitStemDownNW" x="0.128" y="-0.428"/>
		<a n="splitStemUpSE" x="1.108" y="0.372"/>
		<a n="splitStemUpSW" x="0.328" y="0.38"/>
		<a n="stemDownNW" x="0" y="-0.168"/>
		<a n="stemUpSE" x="1.18" y="0.168"/>
	</g>
	<g c="E0A4" x="0.0" y="-135.0" w="316.0" h="270.0" h-a-x="316" >
		<a n="splitStemDownNE" x="0.968" y="-0.248"/>
		<a n="splitStemDownNW" x="0.12" y="-0.416"/>
		<a n="splitStemUpSE" x="1.092" y="0.392"/>
		<a n="splitStemUpSW" x="0.312" y="0.356"/>
		<a n="stemDownNW" x="0" y="-0.168"/>
		<a n="stemUpSE" x="1.18" y="0.168"/>
	</g>
	<g c="E101" x="0.0" y="-246.0" w="212.0" h="492.0" h-a-x="212" >
		<a n="stemDownNW" x="0" y="-1"/>
		<a n="stemUpSE" x="2.12" y="1"/>
	</g>
	<g c="E240" x="0.0" y="-756.0" w="284.0" h="770.0" h-a-x="284" >
		<a n="graceNoteSlashNE" x="1.284" y="-0.796"/>
		<a n="graceNoteSlashSW" x="-0.644" y="-2.456"/>
		<a n="stemUpNW" x="0" y="-0.04"/>
	</g>
	<g c="E241" x="0.0" y="-14.0" w="314.0" h="770.0" h-a-x="314" >
		<a n="graceNoteSlashNW" x="-0.596" y="2.168"/>
		<a n="graceNoteSlashSE" x="1.328" y="0.628"/>
		<a n="stemDownSW" x="0" y="0.132"/>
	</g>
	<g c="E242" x="0.0" y="-880.0" w="284.0" h="894.0" h-a-x="284" >
		<a n="stemUpNW" x="0" y="-0.088"/>
	</g>
	<g c="E243" x="0.0" y="-14.0" w="314.0" h="916.0" h-a-x="314" >
		<a n="stemDownSW" x="0" y="0.128"/>
	</g>
	<g c="E244" x="0.0" y="-864.0" w="284.0" h="1098.0" h-a-x="284" >
		<a n="stemUpNW" x="0" y="0.376"/>
	</g>
	<g c="E245" x="0.0" y="-204.0" w="314.0" h="1120.0" h-a-x="314" >
		<a n="stemDownSW" x="0" y="-0.448"/>
	</g>
	<g c="E246" x="0.0" y="-878.0" w="284.0" h="1302.0" h-a-x="284" >
		<a n="stemUpNW" x="0" y="1.172"/>
	</g>
	<g c="E247" x="0.0" y="-424.0" w="314.0" h="1324.0" h-a-x="314" >
		<a n="stemDownSW" x="0" y="-1.244"/>
	</g>
	<g c="E248" x="0.0" y="-862.0" w="284.0" h="1506.0" h-a-x="284" >
		<a n="stemUpNW" x="0" y="1.9"/>
	</g>
	<g c="E249" x="0.0" y="-614.0" w="314.0" h="1528.0" h-a-x="314" >
		<a n="stemDownSW" x="0" y="-2.076"/>
	</g>
	<g c="E260" x="-15.0" y="-165.0" w="200.0" h="625.0" h-a-x="185" >
		<a n="cutOutNE" x="0.252" y="0.656"/>
		<a n="cutOutSE" x="0.504" y="-0.476"/>
	</g>
	<g c="ED33" x="-15.0" y="-165.0" w="200.0" h="625.0" h-a-x="185" >
		<a n="cutOutNE" x="0.252" y="0.656"/>
		<a n="cutOutSE" x="0.504" y="-0.476"/>
	</g>
	<g c="ED35" x="-15.0" y="-165.0" w="200.0" h="625.0" h-a-x="185" >
		<a n="cutOutNE" x="0.252" y="0.656"/>
		<a n="cutOutSE" x="0.504" y="-0.476"/>
	</g>
	
	<g c="ED39" x="-15.0" y="-165.0" w="400.0" h="625.0" h-a-x="185" >
		<a n="cutOutNE" x="0.252" y="0.656"/>
		<a n="cutOutSE" x="0.504" y="-0.476"/>
	</g>
	<g c="ED40" x="-15.0" y="-165.0" w="400.0" h="625.0" h-a-x="185" >
		<a n="cutOutNE" x="0.252" y="0.656"/>
		<a n="cutOutSE" x="0.504" y="-0.476"/>
	</g>
	<g c="E261" x="0.0" y="-337.0" w="176.0" h="674.0" h-a-x="176" >
		<a n="cutOutNE" x="0.192" y="0.776"/>
		<a n="cutOutSW" x="0.476" y="-0.828"/>
	</g>
	<g c="E262" x="0.0" y="-376.0" w="236.0" h="752.0" h-a-x="236" >
		<a n="cutOutNE" x="0.84" y="0.896"/>
		<a n="cutOutNW" x="0.144" y="0.568"/>
		<a n="cutOutSE" x="0.84" y="-0.596"/>
		<a n="cutOutSW" x="0.144" y="-0.896"/>
	</g>
	<g c="E263" x="0.0" y="-135.0" w="270.0" h="270.0" h-a-x="270" />
	<g c="E264" x="-15.0" y="-165.0" w="370.0" h="625.0" h-a-x="355" >
		<a n="cutOutNE" x="0.988" y="0.644"/>
		<a n="cutOutSE" x="1.336" y="-0.396"/>
	</g>
	<g c="E26A" x="0.0" y="-267.0" w="104.0" h="534.0" h-a-x="104" />
	<g c="E26B" x="0.0" y="-267.0" w="104.0" h="534.0" h-a-x="104" />
	<g c="E270" x="-79.0" y="-165.0" w="264.0" h="788.0" h-a-x="185" >
		<a n="cutOutNE" x="0.604" y="0.664"/>
		<a n="cutOutSE" x="0.62" y="-0.452"/>
	</g>
	<g c="E271" x="-79.0" y="-372.0" w="264.0" h="832.0" h-a-x="185" >
		<a n="cutOutNE" x="0.356" y="0.648"/>
		<a n="cutOutNW" x="0.032" y="-0.8"/>
		<a n="cutOutSE" x="0.648" y="-0.5"/>
	</g>
	<g c="E272" x="0.0" y="-337.0" w="240.0" h="837.0" h-a-x="240" >
		<a n="cutOutSW" x="0.616" y="-0.868"/>
	</g>
	<g c="E273" x="0.0" y="-500.0" w="240.0" h="837.0" h-a-x="240" >
		<a n="cutOutNE" x="0.232" y="0.788"/>
	</g>
	<g c="E274" x="0.0" y="-376.0" w="246.0" h="968.0" h-a-x="246" >
		<a n="cutOutNW" x="0.272" y="1.304"/>
		<a n="cutOutSE" x="0.86" y="-0.584"/>
		<a n="cutOutSW" x="0.132" y="-0.888"/>
	</g>
	<g c="E275" x="-10.0" y="-592.0" w="246.0" h="968.0" h-a-x="236" >
		<a n="cutOutNE" x="0.856" y="0.908"/>
		<a n="cutOutNW" x="0.132" y="0.608"/>
		<a n="cutOutSE" x="0.856" y="-0.588"/>
	</g>
	<g c="E280" x="0.0" y="-165.0" w="200.0" h="625.0" h-a-x="200" >
		<a n="cutOutNW" x="0.628" y="0.676"/>
		<a n="cutOutSW" x="0.336" y="-0.428"/>
	</g>
	<g c="E281" x="0.0" y="-165.0" w="446.0" h="625.0" h-a-x="446" >
		<a n="cutOutNE" x="1.22" y="0.668"/>
		<a n="cutOutNW" x="0.636" y="0.668"/>
	</g>
	<g c="E282" x="0.0" y="-364.0" w="138.0" h="728.0" h-a-x="138" >
		<a n="cutOutNE" x="0.476" y="0.748"/>
		<a n="cutOutNW" x="0.224" y="0.604"/>
		<a n="cutOutSE" x="0.492" y="-0.8"/>
		<a n="cutOutSW" x="0.224" y="-0.92"/>
	</g>
	<g c="E283" x="0.0" y="-388.0" w="334.0" h="776.0" h-a-x="334" >
		<a n="cutOutNE" x="1.128" y="1"/>
		<a n="cutOutNW" x="0.144" y="0.604"/>
		<a n="cutOutSE" x="1.128" y="-0.5"/>
		<a n="cutOutSW" x="0.144" y="-0.896"/>
	</g>
	<g c="E4A0" x="0.0" y="0.0" w="442.0" h="254.0" h-a-x="442" />
	<g c="E4A1" x="0.0" y="-254.0" w="442.0" h="254.0" h-a-x="442" />
	<g c="E4A2" x="0.0" y="0.0" w="100.0" h="100.0" h-a-x="100" />
	<g c="E4A3" x="0.0" y="-100.0" w="100.0" h="100.0" h-a-x="100" />
	<g c="E4A4" x="0.0" y="0.0" w="304.0" h="30.0" h-a-x="304" />
	<g c="E4A5" x="0.0" y="-30.0" w="304.0" h="30.0" h-a-x="304" />
	<g c="E4A6" x="0.0" y="0.0" w="164.0" h="198.0" h-a-x="164" />
	<g c="E4A7" x="0.0" y="-198.0" w="164.0" h="198.0" h-a-x="164" />
	<g c="E4A8" x="0.0" y="0.0" w="164.0" h="198.0" h-a-x="164" />
	<g c="E4A9" x="0.0" y="-198.0" w="164.0" h="198.0" h-a-x="164" />
	<g c="E4AC" x="0.0" y="0.0" w="252.0" h="412.0" h-a-x="252" />
	<g c="E4AD" x="0.0" y="-412.0" w="252.0" h="412.0" h-a-x="252" />
	<g c="E4B2" x="0.0" y="0.0" w="304.0" h="195.0" h-a-x="304" />
	<g c="E4B3" x="0.0" y="-195.0" w="304.0" h="195.0" h-a-x="304" />
	<g c="E4B6" x="0.0" y="0.0" w="118.0" h="279.0" h-a-x="118" />
	<g c="E4B7" x="0.0" y="-279.0" w="118.0" h="279.0" h-a-x="118" />
	<g c="E4C0" x="0.0" y="0.0" w="650.0" h="354.0" h-a-x="650" />
	<g c="E4C1" x="0.0" y="-354.0" w="650.0" h="354.0" h-a-x="650" />
	<g c="E4C4" x="0.0" y="0.0" w="581.0" h="470.0" h-a-x="581" />
	<g c="E4C5" x="0.0" y="-470.0" w="581.0" h="470.0" h-a-x="581" />
	<g c="E4C6" x="0.0" y="0.0" w="572.0" h="364.0" h-a-x="572" />
	<g c="E4C7" x="0.0" y="-364.0" w="572.0" h="364.0" h-a-x="572" />
	<g c="E4C8" x="0.0" y="0.0" w="572.0" h="416.0" h-a-x="572" />
	<g c="E4C9" x="0.0" y="-416.0" w="572.0" h="416.0" h-a-x="572" />
	<g c="E4CE" x="0.0" y="0.0" w="142.0" h="262.0" h-a-x="142" />
	<g c="E4E5" x="0.0" y="-363.0" w="222.0" h="728.0" h-a-x="222" />
	<g c="E4E6" x="0.0" y="-224.0" w="256.0" h="424.0" h-a-x="256" />
	<g c="E4E7" x="0.0" y="-468.0" w="328.0" h="668.0" h-a-x="328" />
	<g c="E4E8" x="0.0" y="-468.0" w="400.0" h="912.0" h-a-x="400" />
	<g c="E4E9" x="0.0" y="-712.0" w="472.0" h="1156.0" h-a-x="472" />
	<g c="E4EA" x="0.0" y="-712.0" w="544.0" h="1400.0" h-a-x="544" />
	<g c="E510" x="0.0" y="0.0" w="414.0" h="486.0" h-a-x="414" />
	<g c="E514" x="0.0" y="0.0" w="661.0" h="486.0" h-a-x="661" />
	<g c="E517" x="0.0" y="0.0" w="792.0" h="486.0" h-a-x="792" />
	<g c="E520" x="-72.0" y="-180.0" w="418.0" h="452.0" h-a-x="346" >
		<a n="opticalCenter" x="1.22" y="0"/>
	</g>
	<g c="E521" x="-41.0" y="-20.0" w="460.0" h="292.0" h-a-x="394" >
		<a n="opticalCenter" x="0.872" y="0"/>
	</g>
	<g c="E522" x="-144.0" y="-147.0" w="530.0" h="597.0" h-a-x="277" >
		<a n="opticalCenter" x="1.256" y="0"/>
	</g>
	<g c="E523" x="-17.0" y="-1.0" w="310.0" h="273.0" h-a-x="293" >
		<a n="opticalCenter" x="0.612" y="0"/>
	</g>
	<g c="E524" x="0.0" y="-22.0" w="226.0" h="294.0" h-a-x="226" >
		<a n="opticalCenter" x="0.444" y="0"/>
	</g>
	<g c="E525" x="-24.0" y="0.0" w="314.0" h="272.0" h-a-x="290" >
		<a n="opticalCenter" x="0.5" y="0"/>
	</g>
	<g c="E526" x="-41.0" y="-20.0" w="340.0" h="292.0" h-a-x="274" >
		<a n="opticalCenter" x="0.616" y="0"/>
	</g>
	<g c="E566" x="0.0" y="-9.0" w="531.0" h="376.0" h-a-x="600" />
	<g c="E567" x="0.0" y="-141.0" w="620.0" h="282.0" h-a-x="620" />
	<g c="E568" x="0.0" y="-141.0" w="620.0" h="282.0" h-a-x="620" />
	<g c="E56C" x="0.0" y="-128.0" w="606.0" h="256.0" h-a-x="606" />
	<g c="E56D" x="0.0" y="-200.0" w="606.0" h="400.0" h-a-x="606" />
	<g c="E56E" x="0.0" y="-128.0" w="852.0" h="256.0" h-a-x="852" />
	<g c="E59D" x="-77.0" y="-128.0" w="360.0" h="256.0" h-a-x="246" >
		<a n="repeatOffset" x="1.048" y="0"/>
	</g>
	<g c="E59E" x="-77.0" y="-128.0" w="360.0" h="256.0" h-a-x="246" >
		<a n="repeatOffset" x="1.428" y="0"/>
	</g>
	<g c="E610" x="0.0" y="0.0" w="336.0" h="352.0" h-a-x="336" />
	<g c="E611" x="0.0" y="0.0" w="336.0" h="352.0" h-a-x="336" />
	<g c="E612" x="0.0" y="0.0" w="252.0" h="412.0" h-a-x="252" />
	<g c="E613" x="0.0" y="0.0" w="252.0" h="412.0" h-a-x="252" />
	<g c="E650" x="0.0" y="0.0" w="782.0" h="500.0" h-a-x="782" />
	<g c="E655" x="0.0" y="66.0" w="430.0" h="434.0" h-a-x="430" />
	<g c="EAA9" x="0.0" y="54.0" w="270.0" h="120.0" h-a-x="270" >
		<a n="repeatOffset" x="1.02" y="0"/>
	</g>
	<g c="EAAA" x="0.0" y="54.0" w="270.0" h="120.0" h-a-x="270" >
		<a n="repeatOffset" x="1.02" y="0"/>
	</g>
	<g c="EAAD" x="-26.0" y="0.0" w="276.0" h="228.0" h-a-x="250" >
		<a n="repeatOffset" x="2.064" y="0"/>
	</g>
	<g c="EAAE" x="-26.0" y="0.0" w="276.0" h="228.0" h-a-x="250" >
		<a n="repeatOffset" x="2.064" y="0"/>
	</g>
</bounding-boxes>
